filename,basename,toolid,toolmode,parser_version,runid,start,duration,exit_code,findings,infos,errors,fails
MyData/C8k_set1/0x01673796C51EDfFba3EAb7bf308bEA352D73A017.sol,0x01673796C51EDfFba3EAb7bf308bEA352D73A017.sol,semgrep,solidity,2023/08/21,20240129_0620,1706509410.244261,2.6462504863739014,0,"{array_length_outside_loop,unnecessary_checked_arithmetic_in_loop,use_custom_error_not_require,use_nested_if,use_prefix_decrement_not_postfix,use_prefix_increment_not_postfix,use_short_revert_string}",{},{},{}
MyData/C8k_set1/0x01d15f42d8667636287a9d7f21de7847a7b6e37a.sol,0x01d15f42d8667636287a9d7f21de7847a7b6e37a.sol,semgrep,solidity,2023/08/21,20240129_0620,1706509354.7690852,2.4159514904022217,0,"{array_length_outside_loop,init_variables_with_default_value,non_payable_constructor,state_variable_read_in_a_loop,unnecessary_checked_arithmetic_in_loop,use_custom_error_not_require,use_nested_if,use_ownable2step,use_prefix_decrement_not_postfix,use_prefix_increment_not_postfix,use_short_revert_string}",{},{},{}
MyData/C8k_set1/0x05763b092b45e6519c4f734b7ef118049c5173e7.sol,0x05763b092b45e6519c4f734b7ef118049c5173e7.sol,semgrep,solidity,2023/08/21,20240129_0620,1706509391.1840594,2.3560500144958496,0,"{inefficient_state_variable_increment,non_payable_constructor,use_abi_encodecall_instead_of_encodewithselector,use_custom_error_not_require,use_nested_if,use_ownable2step,use_prefix_decrement_not_postfix,use_short_revert_string}",{},{},{}
MyData/C8k_set1/0x069Af65cb48caa41fe8FD1dd8cEF5e6FCBb6d555.sol,0x069Af65cb48caa41fe8FD1dd8cEF5e6FCBb6d555.sol,semgrep,solidity,2023/08/21,20240129_0620,1706509359.6381004,2.6639139652252197,0,"{array_length_outside_loop,erc721_reentrancy,state_variable_read_in_a_loop,unnecessary_checked_arithmetic_in_loop,use_custom_error_not_require,use_multiple_require,use_nested_if,use_prefix_decrement_not_postfix,use_prefix_increment_not_postfix,use_short_revert_string}",{},{},{}
MyData/C8k_set1/0x06eb1dd99ed2dac37d0c677114370bb656e0809a.sol,0x06eb1dd99ed2dac37d0c677114370bb656e0809a.sol,semgrep,solidity,2023/08/21,20240129_0620,1706509329.6055727,2.7630422115325928,0,"{array_length_outside_loop,erc721_reentrancy,inefficient_state_variable_increment,init_variables_with_default_value,non_payable_constructor,state_variable_read_in_a_loop,unnecessary_checked_arithmetic_in_loop,use_custom_error_not_require,use_nested_if,use_ownable2step,use_prefix_decrement_not_postfix,use_prefix_increment_not_postfix,use_short_revert_string}",{},{},{}
MyData/C8k_set1/0x09EE12a168Aa1e8221508020342a433747be47Ff.sol,0x09EE12a168Aa1e8221508020342a433747be47Ff.sol,semgrep,solidity,2023/08/21,20240129_0620,1706509554.5005062,2.3508007526397705,0,"{array_length_outside_loop,init_variables_with_default_value,non_payable_constructor,state_variable_read_in_a_loop,unnecessary_checked_arithmetic_in_loop,use_custom_error_not_require,use_nested_if,use_ownable2step,use_prefix_decrement_not_postfix,use_prefix_increment_not_postfix,use_short_revert_string}",{},{},{}
MyData/C8k_set1/0x0a992d191DEeC32aFe36203Ad87D7d289a738F81.sol,0x0a992d191DEeC32aFe36203Ad87D7d289a738F81.sol,semgrep,solidity,2023/08/21,20240129_0620,1706509296.5583932,2.4738457202911377,0,"{array_length_outside_loop,init_variables_with_default_value,non_payable_constructor,state_variable_read_in_a_loop,unnecessary_checked_arithmetic_in_loop,use_abi_encodecall_instead_of_encodewithselector,use_custom_error_not_require,use_ownable2step,use_prefix_increment_not_postfix,use_short_revert_string}",{},{},{}
MyData/C8k_set1/0x0d2ca1dba6b3245b259949a256974dd3461c5b05.sol,0x0d2ca1dba6b3245b259949a256974dd3461c5b05.sol,semgrep,solidity,2023/08/21,20240129_0620,1706509476.8266137,3.616041660308838,0,"{array_length_outside_loop,curve_readonly_reentrancy,inefficient_state_variable_increment,non_payable_constructor,state_variable_read_in_a_loop,unnecessary_checked_arithmetic_in_loop,use_abi_encodecall_instead_of_encodewithselector,use_custom_error_not_require,use_multiple_require,use_nested_if,use_ownable2step,use_prefix_decrement_not_postfix,use_prefix_increment_not_postfix,use_short_revert_string}",{},{},{}
MyData/C8k_set1/0x13920a66Be6870e9b7BFec3314984F8141B705d0.sol,0x13920a66Be6870e9b7BFec3314984F8141B705d0.sol,semgrep,solidity,2023/08/21,20240129_0620,1706509337.3955116,2.160609722137451,0,"{array_length_outside_loop,non_payable_constructor,state_variable_read_in_a_loop,use_custom_error_not_require,use_prefix_increment_not_postfix}",{},{},{}
MyData/C8k_set1/0x15dfc1c32e07fe2418f7d4ff92acf45320a5d975.sol,0x15dfc1c32e07fe2418f7d4ff92acf45320a5d975.sol,semgrep,solidity,2023/08/21,20240129_0620,1706509483.886497,2.5201528072357178,0,"{array_length_outside_loop,inefficient_state_variable_increment,init_variables_with_default_value,non_payable_constructor,state_variable_read_in_a_loop,unnecessary_checked_arithmetic_in_loop,use_abi_encodecall_instead_of_encodewithselector,use_custom_error_not_require,use_nested_if,use_ownable2step,use_prefix_decrement_not_postfix,use_prefix_increment_not_postfix,use_short_revert_string}",{},{},{}
MyData/C8k_set1/0x169E5fd3fdCa9F3Fb7C75d09037CbEB65703E470.sol,0x169E5fd3fdCa9F3Fb7C75d09037CbEB65703E470.sol,semgrep,solidity,2023/08/21,20240129_0620,1706509528.5826664,2.4705963134765625,0,"{array_length_outside_loop,non_payable_constructor,state_variable_read_in_a_loop,unnecessary_checked_arithmetic_in_loop,use_abi_encodecall_instead_of_encodewithselector,use_custom_error_not_require,use_multiple_require,use_nested_if,use_prefix_increment_not_postfix,use_short_revert_string}",{},{},{}
MyData/C8k_set1/0x19369905226f2d37562370a05a711c1de4c9593c.sol,0x19369905226f2d37562370a05a711c1de4c9593c.sol,semgrep,solidity,2023/08/21,20240129_0620,1706509405.7059448,2.354544162750244,0,"{inefficient_state_variable_increment,non_payable_constructor,state_variable_read_in_a_loop,unnecessary_checked_arithmetic_in_loop,use_custom_error_not_require,use_multiple_require,use_nested_if,use_ownable2step,use_prefix_decrement_not_postfix,use_prefix_increment_not_postfix,use_short_revert_string}",{},{},{}
MyData/C8k_set1/0x1a84384e1f1b12d53e60c8c528178dc87767b488.sol,0x1a84384e1f1b12d53e60c8c528178dc87767b488.sol,semgrep,solidity,2023/08/21,20240129_0620,1706509326.2257526,3.3777177333831787,0,"{arbitrary_low_level_call,array_length_outside_loop,inefficient_state_variable_increment,non_payable_constructor,state_variable_read_in_a_loop,unnecessary_checked_arithmetic_in_loop,use_custom_error_not_require,use_multiple_require,use_nested_if,use_prefix_decrement_not_postfix,use_short_revert_string}",{},{},{}
MyData/C8k_set1/0x1b89e254a8007494b074187b28626bb0202f2366.sol,0x1b89e254a8007494b074187b28626bb0202f2366.sol,semgrep,solidity,2023/08/21,20240129_0620,1706509365.3707886,2.333125114440918,0,"{non_payable_constructor,use_abi_encodecall_instead_of_encodewithselector,use_custom_error_not_require,use_nested_if,use_prefix_increment_not_postfix,use_short_revert_string}",{},{},{}
MyData/C8k_set1/0x1bd161ef8ee43e72ce8cfb156c2ca4f64e49c086.sol,0x1bd161ef8ee43e72ce8cfb156c2ca4f64e49c086.sol,semgrep,solidity,2023/08/21,20240129_0620,1706509317.3776517,3.2782883644104004,0,"{array_length_outside_loop,curve_readonly_reentrancy,inefficient_state_variable_increment,non_payable_constructor,state_variable_read_in_a_loop,unnecessary_checked_arithmetic_in_loop,use_abi_encodecall_instead_of_encodewithselector,use_custom_error_not_require,use_multiple_require,use_nested_if,use_ownable2step,use_prefix_decrement_not_postfix,use_prefix_increment_not_postfix,use_short_revert_string}",{},{},{}
MyData/C8k_set1/0x1d1c394294829d8f54693c18e0fcf6e44cb38354.sol,0x1d1c394294829d8f54693c18e0fcf6e44cb38354.sol,semgrep,solidity,2023/08/21,20240129_0620,1706509278.1170125,2.970186710357666,0,"{array_length_outside_loop,erc721_reentrancy,init_variables_with_default_value,non_payable_constructor,unnecessary_checked_arithmetic_in_loop,use_abi_encodecall_instead_of_encodewithselector,use_custom_error_not_require,use_multiple_require,use_prefix_increment_not_postfix,use_short_revert_string}",{},{},{}
MyData/C8k_set1/0x1e3a3b9c6177ba05102b749eecb6164155fd44ae.sol,0x1e3a3b9c6177ba05102b749eecb6164155fd44ae.sol,semgrep,solidity,2023/08/21,20240129_0620,1706509349.9794123,2.5157995223999023,0,"{array_length_outside_loop,inefficient_state_variable_increment,no_slippage_check,non_payable_constructor,state_variable_read_in_a_loop,unnecessary_checked_arithmetic_in_loop,use_custom_error_not_require,use_multiple_require,use_nested_if,use_ownable2step,use_prefix_increment_not_postfix,use_short_revert_string}",{},{},{}
MyData/C8k_set1/0x1fdff69192de394e7fd5d2f03c34dc8ce895d59c.sol,0x1fdff69192de394e7fd5d2f03c34dc8ce895d59c.sol,semgrep,solidity,2023/08/21,20240129_0620,1706509471.5866606,2.7164316177368164,0,"{arbitrary_low_level_call,array_length_outside_loop,non_payable_constructor,state_variable_read_in_a_loop,unnecessary_checked_arithmetic_in_loop,use_custom_error_not_require,use_multiple_require,use_nested_if,use_prefix_decrement_not_postfix,use_short_revert_string}",{},{},{}
MyData/C8k_set1/0x20759732c16f54f7c1166a942076b80fe674ce4a.sol,0x20759732c16f54f7c1166a942076b80fe674ce4a.sol,semgrep,solidity,2023/08/21,20240129_0620,1706509271.0086663,2.4240033626556396,0,"{array_length_outside_loop,inefficient_state_variable_increment,non_payable_constructor,state_variable_read_in_a_loop,unnecessary_checked_arithmetic_in_loop,use_abi_encodecall_instead_of_encodewithselector,use_custom_error_not_require,use_multiple_require,use_nested_if,use_short_revert_string}",{},{},{}
MyData/C8k_set1/0x2087ba763238c4e5fd04211da69aa7b129432579.sol,0x2087ba763238c4e5fd04211da69aa7b129432579.sol,semgrep,solidity,2023/08/21,20240129_0620,1706509339.5566852,2.3441519737243652,0,"{array_length_outside_loop,init_variables_with_default_value,non_payable_constructor,state_variable_read_in_a_loop,unnecessary_checked_arithmetic_in_loop,use_custom_error_not_require,use_multiple_require,use_nested_if,use_ownable2step,use_prefix_decrement_not_postfix,use_prefix_increment_not_postfix,use_short_revert_string}",{},{},{}
MyData/C8k_set1/0x21d6fe3b109808fc69cdaf9829457b0d780bd975.sol,0x21d6fe3b109808fc69cdaf9829457b0d780bd975.sol,semgrep,solidity,2023/08/21,20240129_0620,1706509452.5242243,2.5781965255737305,0,"{array_length_outside_loop,erc721_reentrancy,inefficient_state_variable_increment,non_payable_constructor,state_variable_read_in_a_loop,unnecessary_checked_arithmetic_in_loop,use_abi_encodecall_instead_of_encodewithselector,use_custom_error_not_require,use_nested_if,use_ownable2step,use_prefix_decrement_not_postfix,use_prefix_increment_not_postfix,use_short_revert_string}",{},{},{}
MyData/C8k_set1/0x25ab651015e256014c7b22625800a0da15055e4e.sol,0x25ab651015e256014c7b22625800a0da15055e4e.sol,semgrep,solidity,2023/08/21,20240129_0620,1706509258.5142465,2.266375780105591,0,"{non_payable_constructor,use_abi_encodecall_instead_of_encodewithselector,use_custom_error_not_require,use_nested_if,use_prefix_increment_not_postfix,use_short_revert_string}",{},{},{}
MyData/C8k_set1/0x26442a5A77de81d983BD04d82C5B343b41f6C0F4.sol,0x26442a5A77de81d983BD04d82C5B343b41f6C0F4.sol,semgrep,solidity,2023/08/21,20240129_0620,1706509264.4618611,3.11033296585083,0,"{array_length_outside_loop,erc721_reentrancy,inefficient_state_variable_increment,init_variables_with_default_value,non_payable_constructor,state_variable_read_in_a_loop,unnecessary_checked_arithmetic_in_loop,use_custom_error_not_require,use_nested_if,use_ownable2step,use_prefix_decrement_not_postfix,use_prefix_increment_not_postfix,use_short_revert_string}",{},{},{}
MyData/C8k_set1/0x2ba2132ed386044f554f628e65e74a0b3b5f10f2.sol,0x2ba2132ed386044f554f628e65e74a0b3b5f10f2.sol,semgrep,solidity,2023/08/21,20240129_0620,1706509463.022291,2.305783987045288,0,"{array_length_outside_loop,non_payable_constructor,state_variable_read_in_a_loop,use_custom_error_not_require,use_nested_if,use_prefix_increment_not_postfix}",{},{},{}
MyData/C8k_set1/0x2de895629db7dfba3c102df9ab8bf2d8a67990c6.sol,0x2de895629db7dfba3c102df9ab8bf2d8a67990c6.sol,semgrep,solidity,2023/08/21,20240129_0620,1706509251.667904,2.3957889080047607,0,"{inefficient_state_variable_increment,non_payable_constructor,use_abi_encodecall_instead_of_encodewithselector,use_custom_error_not_require,use_multiple_require,use_nested_if,use_short_revert_string}",{},{},{}
MyData/C8k_set1/0x31a14735cC4e5A9D3B5Be7605aAc74ab79d0A45C.sol,0x31a14735cC4e5A9D3B5Be7605aAc74ab79d0A45C.sol,semgrep,solidity,2023/08/21,20240129_0620,1706509424.4573524,2.967411756515503,0,"{array_length_outside_loop,inefficient_state_variable_increment,non_payable_constructor,state_variable_read_in_a_loop,unnecessary_checked_arithmetic_in_loop,use_abi_encodecall_instead_of_encodewithselector,use_custom_error_not_require,use_multiple_require,use_nested_if,use_ownable2step,use_prefix_decrement_not_postfix,use_prefix_increment_not_postfix,use_short_revert_string}",{},{},{}
MyData/C8k_set1/0x356e5e8637531d2f32b561dd44c309f2e7157c66.sol,0x356e5e8637531d2f32b561dd44c309f2e7157c66.sol,semgrep,solidity,2023/08/21,20240129_0620,1706509303.5335178,2.5575878620147705,0,"{array_length_outside_loop,inefficient_state_variable_increment,non_payable_constructor,state_variable_read_in_a_loop,unnecessary_checked_arithmetic_in_loop,use_abi_encodecall_instead_of_encodewithselector,use_custom_error_not_require,use_multiple_require,use_nested_if,use_short_revert_string}",{},{},{}
MyData/C8k_set1/0x3c79d158b508564e5a20211eec948242fb556eff.sol,0x3c79d158b508564e5a20211eec948242fb556eff.sol,semgrep,solidity,2023/08/21,20240129_0620,1706509294.1190722,2.4375662803649902,0,"{array_length_outside_loop,inefficient_state_variable_increment,non_payable_constructor,state_variable_read_in_a_loop,unnecessary_checked_arithmetic_in_loop,use_abi_encodecall_instead_of_encodewithselector,use_custom_error_not_require,use_multiple_require,use_nested_if,use_short_revert_string}",{},{},{}
MyData/C8k_set1/0x3ccC4677356C53C9FF9c888E98B41403a767e962.sol,0x3ccC4677356C53C9FF9c888E98B41403a767e962.sol,semgrep,solidity,2023/08/21,20240129_0620,1706509323.6960723,2.528320074081421,0,"{array_length_outside_loop,non_payable_constructor,state_variable_read_in_a_loop,unnecessary_checked_arithmetic_in_loop,use_abi_encodecall_instead_of_encodewithselector,use_custom_error_not_require,use_multiple_require,use_nested_if,use_prefix_increment_not_postfix,use_short_revert_string}",{},{},{}
MyData/C8k_set1/0x4046f6b6dfa5015aaf31eb69140a5971d12bb37a.sol,0x4046f6b6dfa5015aaf31eb69140a5971d12bb37a.sol,semgrep,solidity,2023/08/21,20240129_0620,1706509510.5828147,2.6747677326202393,0,"{array_length_outside_loop,state_variable_read_in_a_loop,unnecessary_checked_arithmetic_in_loop,use_abi_encodecall_instead_of_encodewithselector,use_custom_error_not_require,use_multiple_require,use_nested_if,use_ownable2step,use_prefix_decrement_not_postfix,use_prefix_increment_not_postfix,use_short_revert_string}",{},{},{}
MyData/C8k_set1/0x44d0d431961ba32608b23455cb6fd60efc417fc3.sol,0x44d0d431961ba32608b23455cb6fd60efc417fc3.sol,semgrep,solidity,2023/08/21,20240129_0620,1706509422.064928,2.3912339210510254,0,"{erc721_reentrancy,non_payable_constructor,state_variable_read_in_a_loop,use_custom_error_not_require,use_prefix_increment_not_postfix,use_short_revert_string}",{},{},{}
MyData/C8k_set1/0x4622cced955cfcb62fead427346cd8d8f923d0d8.sol,0x4622cced955cfcb62fead427346cd8d8f923d0d8.sol,semgrep,solidity,2023/08/21,20240129_0620,1706509439.6212204,2.4635534286499023,0,"{array_length_outside_loop,erc721_reentrancy,init_variables_with_default_value,non_payable_constructor,state_variable_read_in_a_loop,unnecessary_checked_arithmetic_in_loop,use_custom_error_not_require,use_nested_if,use_ownable2step,use_prefix_decrement_not_postfix,use_prefix_increment_not_postfix,use_short_revert_string}",{},{},{}
MyData/C8k_set1/0x4aa180d7860bde59b68875fbd920f0256f527dcb.sol,0x4aa180d7860bde59b68875fbd920f0256f527dcb.sol,semgrep,solidity,2023/08/21,20240129_0620,1706509383.793286,2.255915641784668,0,"{non_payable_constructor,use_abi_encodecall_instead_of_encodewithselector,use_custom_error_not_require,use_nested_if,use_prefix_increment_not_postfix,use_short_revert_string}",{},{},{}
MyData/C8k_set1/0x4bd3b5e3936254ce753d154907997597021ce64a.sol,0x4bd3b5e3936254ce753d154907997597021ce64a.sol,semgrep,solidity,2023/08/21,20240129_0620,1706509308.7155523,2.21223783493042,0,"{array_length_outside_loop,non_payable_constructor,state_variable_read_in_a_loop,use_custom_error_not_require,use_nested_if,use_ownable2step,use_prefix_decrement_not_postfix,use_prefix_increment_not_postfix,use_short_revert_string}",{},{},{}
MyData/C8k_set1/0x5038a79f9680e7ca200eb7162cf374bce741a8f4.sol,0x5038a79f9680e7ca200eb7162cf374bce741a8f4.sol,semgrep,solidity,2023/08/21,20240129_0620,1706509442.085843,5.298641204833984,0,"{array_length_outside_loop,curve_readonly_reentrancy,inefficient_state_variable_increment,non_payable_constructor,state_variable_read_in_a_loop,unnecessary_checked_arithmetic_in_loop,use_abi_encodecall_instead_of_encodewithselector,use_custom_error_not_require,use_multiple_require,use_nested_if,use_ownable2step,use_prefix_decrement_not_postfix,use_prefix_increment_not_postfix,use_short_revert_string}",{},{},{}
MyData/C8k_set1/0x50B4cDb17D3e10C9BC88b3744F3fD7c25695EEE7.sol,0x50B4cDb17D3e10C9BC88b3744F3fD7c25695EEE7.sol,semgrep,solidity,2023/08/21,20240129_0620,1706509285.9501863,2.702777147293091,0,"{array_length_outside_loop,non_payable_constructor,state_variable_read_in_a_loop,unnecessary_checked_arithmetic_in_loop,use_abi_encodecall_instead_of_encodewithselector,use_custom_error_not_require,use_multiple_require,use_nested_if,use_prefix_increment_not_postfix,use_short_revert_string}",{},{},{}
MyData/C8k_set1/0x55c6fe0c38af2a59ed945bb84d6898ebce63743c.sol,0x55c6fe0c38af2a59ed945bb84d6898ebce63743c.sol,semgrep,solidity,2023/08/21,20240129_0620,1706509378.1927714,2.7196030616760254,0,"{array_length_outside_loop,inefficient_state_variable_increment,non_payable_constructor,state_variable_read_in_a_loop,unnecessary_checked_arithmetic_in_loop,use_abi_encodecall_instead_of_encodewithselector,use_custom_error_not_require,use_multiple_require,use_nested_if,use_prefix_increment_not_postfix,use_short_revert_string}",{},{},{}
MyData/C8k_set1/0x56b24baeb66e98656ffc5c9a47cc66e14653070d.sol,0x56b24baeb66e98656ffc5c9a47cc66e14653070d.sol,semgrep,solidity,2023/08/21,20240129_0620,1706509341.9018896,2.2103006839752197,0,"{non_payable_constructor,use_abi_encodecall_instead_of_encodewithselector,use_custom_error_not_require,use_nested_if,use_prefix_increment_not_postfix,use_short_revert_string}",{},{},{}
MyData/C8k_set1/0x5888e6e463bdb1f3472e3ad6493e590ce2a649d9.sol,0x5888e6e463bdb1f3472e3ad6493e590ce2a649d9.sol,semgrep,solidity,2023/08/21,20240129_0620,1706509432.7481263,3.5432398319244385,0,"{array_length_outside_loop,curve_readonly_reentrancy,inefficient_state_variable_increment,non_payable_constructor,state_variable_read_in_a_loop,unnecessary_checked_arithmetic_in_loop,use_abi_encodecall_instead_of_encodewithselector,use_custom_error_not_require,use_multiple_require,use_nested_if,use_ownable2step,use_prefix_decrement_not_postfix,use_prefix_increment_not_postfix,use_short_revert_string}",{},{},{}
MyData/C8k_set1/0x5900c763b5e30e6298effb631b82f6a7801fc682.sol,0x5900c763b5e30e6298effb631b82f6a7801fc682.sol,semgrep,solidity,2023/08/21,20240129_0620,1706509400.725959,2.6907482147216797,0,"{array_length_outside_loop,erc721_reentrancy,non_optimal_variables_swap,non_payable_constructor,state_variable_read_in_a_loop,unnecessary_checked_arithmetic_in_loop,use_custom_error_not_require,use_nested_if,use_prefix_decrement_not_postfix,use_prefix_increment_not_postfix,use_short_revert_string}",{},{},{}
MyData/C8k_set1/0x59b0a57a8ba2c3ba7bb273692b1f687d60b5c369.sol,0x59b0a57a8ba2c3ba7bb273692b1f687d60b5c369.sol,semgrep,solidity,2023/08/21,20240129_0620,1706509549.5539596,2.501185178756714,0,"{array_length_outside_loop,erc721_reentrancy,non_payable_constructor,unnecessary_checked_arithmetic_in_loop,use_custom_error_not_require,use_nested_if,use_ownable2step,use_prefix_increment_not_postfix,use_short_revert_string}",{},{},{}
MyData/C8k_set1/0x61d95068b549d4a71752a6381a00dc8fcd8cef87.sol,0x61d95068b549d4a71752a6381a00dc8fcd8cef87.sol,semgrep,solidity,2023/08/21,20240129_0620,1706509552.0563421,2.4422876834869385,0,"{array_length_outside_loop,erc721_reentrancy,inefficient_state_variable_increment,non_payable_constructor,state_variable_read_in_a_loop,unnecessary_checked_arithmetic_in_loop,use_abi_encodecall_instead_of_encodewithselector,use_custom_error_not_require,use_nested_if,use_prefix_decrement_not_postfix,use_prefix_increment_not_postfix,use_short_revert_string}",{},{},{}
MyData/C8k_set1/0x64256b6409150e8b2b25a456a17dcf171209542a.sol,0x64256b6409150e8b2b25a456a17dcf171209542a.sol,semgrep,solidity,2023/08/21,20240129_0620,1706509559.2076664,2.333618402481079,0,"{erc721_reentrancy,inefficient_state_variable_increment,init_variables_with_default_value,non_payable_constructor,state_variable_read_in_a_loop,use_custom_error_not_require,use_nested_if,use_ownable2step,use_prefix_decrement_not_postfix,use_prefix_increment_not_postfix,use_short_revert_string}",{},{},{}
MyData/C8k_set1/0x64b13b50274F9B8Ba0B2a1f9287361C54e8d6e3C.sol,0x64b13b50274F9B8Ba0B2a1f9287361C54e8d6e3C.sol,semgrep,solidity,2023/08/21,20240129_0620,1706509515.498949,2.6876165866851807,0,"{inefficient_state_variable_increment,non_payable_constructor,use_custom_error_not_require,use_nested_if,use_ownable2step,use_prefix_decrement_not_postfix,use_short_revert_string}",{},{},{}
MyData/C8k_set1/0x67d2dd43d36237ad9c7baec8ab908a3636d36adf.sol,0x67d2dd43d36237ad9c7baec8ab908a3636d36adf.sol,semgrep,solidity,2023/08/21,20240129_0620,1706509357.1857216,2.451113700866699,0,"{inefficient_state_variable_increment,non_payable_constructor,use_abi_encodecall_instead_of_encodewithselector,use_custom_error_not_require,use_multiple_require,use_nested_if,use_ownable2step,use_prefix_increment_not_postfix,use_short_revert_string}",{},{},{}
MyData/C8k_set1/0x697c139e46779f1677efa6ee1a836f4448d905bb.sol,0x697c139e46779f1677efa6ee1a836f4448d905bb.sol,semgrep,solidity,2023/08/21,20240129_0620,1706509362.3053067,3.063671350479126,0,"{array_length_outside_loop,erc721_reentrancy,inefficient_state_variable_increment,init_variables_with_default_value,non_payable_constructor,state_variable_read_in_a_loop,unnecessary_checked_arithmetic_in_loop,use_custom_error_not_require,use_nested_if,use_ownable2step,use_prefix_decrement_not_postfix,use_prefix_increment_not_postfix,use_short_revert_string}",{},{},{}
MyData/C8k_set1/0x6FBb9B63F9788fBFD0a04e39D90a0d4F3c5Ddf96.sol,0x6FBb9B63F9788fBFD0a04e39D90a0d4F3c5Ddf96.sol,semgrep,solidity,2023/08/21,20240129_0620,1706509256.3723538,2.1413116455078125,0,"{inefficient_state_variable_increment,non_payable_constructor,state_variable_read_in_a_loop,use_custom_error_not_require,use_nested_if,use_ownable2step,use_prefix_decrement_not_postfix,use_short_revert_string}",{},{},{}
MyData/C8k_set1/0x702ecf93156962e9ffe53fead114dbd54209b796.sol,0x702ecf93156962e9ffe53fead114dbd54209b796.sol,semgrep,solidity,2023/08/21,20240129_0620,1706509416.8538017,2.7910945415496826,0,"{array_length_outside_loop,init_variables_with_default_value,non_payable_constructor,state_variable_read_in_a_loop,unnecessary_checked_arithmetic_in_loop,use_abi_encodecall_instead_of_encodewithselector,use_custom_error_not_require,use_multiple_require,use_nested_if,use_ownable2step,use_prefix_decrement_not_postfix,use_prefix_increment_not_postfix,use_short_revert_string}",{},{},{}
MyData/C8k_set1/0x7341122af5f7d17629b9d55e8acfe357484a969b.sol,0x7341122af5f7d17629b9d55e8acfe357484a969b.sol,semgrep,solidity,2023/08/21,20240129_0620,1706509273.4337513,2.3828964233398438,0,"{inefficient_state_variable_increment,non_payable_constructor,state_variable_read_in_a_loop,use_custom_error_not_require,use_nested_if,use_ownable2step,use_prefix_decrement_not_postfix,use_prefix_increment_not_postfix,use_short_revert_string}",{},{},{}
MyData/C8k_set1/0x741E47CFA0Ff046130CC9436D2bd2aB062f7546D.sol,0x741E47CFA0Ff046130CC9436D2bd2aB062f7546D.sol,semgrep,solidity,2023/08/21,20240129_0620,1706509521.0125713,2.5268383026123047,0,"{array_length_outside_loop,non_payable_constructor,state_variable_read_in_a_loop,unnecessary_checked_arithmetic_in_loop,use_abi_encodecall_instead_of_encodewithselector,use_custom_error_not_require,use_multiple_require,use_nested_if,use_prefix_increment_not_postfix,use_short_revert_string}",{},{},{}
MyData/C8k_set1/0x764453740BE806aa703f3b631529E48920211f71.sol,0x764453740BE806aa703f3b631529E48920211f71.sol,semgrep,solidity,2023/08/21,20240129_0620,1706509344.1130698,2.354248523712158,0,"{array_length_outside_loop,inefficient_state_variable_increment,non_payable_constructor,state_variable_read_in_a_loop,unnecessary_checked_arithmetic_in_loop,use_abi_encodecall_instead_of_encodewithselector,use_custom_error_not_require,use_nested_if,use_ownable2step,use_prefix_decrement_not_postfix,use_prefix_increment_not_postfix,use_short_revert_string}",{},{},{}
MyData/C8k_set1/0x7733eb6d6f57b53055d748072b94526c3bd1f6bb.sol,0x7733eb6d6f57b53055d748072b94526c3bd1f6bb.sol,semgrep,solidity,2023/08/21,20240129_0620,1706509547.0109315,2.542107105255127,0,"{array_length_outside_loop,inefficient_state_variable_increment,non_payable_constructor,state_variable_read_in_a_loop,unnecessary_checked_arithmetic_in_loop,use_custom_error_not_require,use_nested_if,use_ownable2step,use_prefix_decrement_not_postfix,use_prefix_increment_not_postfix,use_short_revert_string}",{},{},{}
MyData/C8k_set1/0x7CD10fE8a9B5C8f5792d155E05dA640410be5d04.sol,0x7CD10fE8a9B5C8f5792d155E05dA640410be5d04.sol,semgrep,solidity,2023/08/21,20240129_0620,1706509506.936574,3.6440563201904297,0,"{inefficient_state_variable_increment,use_abi_encodecall_instead_of_encodewithselector,use_custom_error_not_require,use_multiple_require,use_nested_if,use_ownable2step,use_short_revert_string}",{},{},{}
MyData/C8k_set1/0x7af6a74717a76423d67c2e684916e006d29eb0fa.sol,0x7af6a74717a76423d67c2e684916e006d29eb0fa.sol,semgrep,solidity,2023/08/21,20240129_0620,1706509457.389287,2.6438817977905273,0,"{array_length_outside_loop,erc721_reentrancy,inefficient_state_variable_increment,init_variables_with_default_value,non_payable_constructor,state_variable_read_in_a_loop,unnecessary_checked_arithmetic_in_loop,use_abi_encodecall_instead_of_encodewithselector,use_custom_error_not_require,use_nested_if,use_ownable2step,use_prefix_decrement_not_postfix,use_prefix_increment_not_postfix,use_short_revert_string}",{},{},{}
MyData/C8k_set1/0x7fb10F39135E67BaF6c7fBC9FC484C4744D8d611.sol,0x7fb10F39135E67BaF6c7fBC9FC484C4744D8d611.sol,semgrep,solidity,2023/08/21,20240129_0620,1706509494.8765998,5.449896812438965,0,"{array_length_outside_loop,erc721_reentrancy,inefficient_state_variable_increment,non_payable_constructor,state_variable_read_in_a_loop,unnecessary_checked_arithmetic_in_loop,use_abi_encodecall_instead_of_encodewithselector,use_custom_error_not_require,use_multiple_require,use_nested_if,use_prefix_decrement_not_postfix,use_prefix_increment_not_postfix,use_short_revert_string}",{},{},{}
MyData/C8k_set1/0x7ff633bcb94a89f64aa3efd85b5e7857b7b1091c.sol,0x7ff633bcb94a89f64aa3efd85b5e7857b7b1091c.sol,semgrep,solidity,2023/08/21,20240129_0620,1706509372.764313,2.7303824424743652,0,"{array_length_outside_loop,non_payable_constructor,state_variable_read_in_a_loop,unnecessary_checked_arithmetic_in_loop,use_custom_error_not_require,use_multiple_require,use_ownable2step,use_short_revert_string}",{},{},{}
MyData/C8k_set1/0x8285fbc29e0a58cf40763745e9ed305d3dcffde4.sol,0x8285fbc29e0a58cf40763745e9ed305d3dcffde4.sol,semgrep,solidity,2023/08/21,20240129_0620,1706509455.1043487,2.284301519393921,0,"{array_length_outside_loop,non_payable_constructor,state_variable_read_in_a_loop,unnecessary_checked_arithmetic_in_loop,use_custom_error_not_require,use_prefix_increment_not_postfix}",{},{},{}
MyData/C8k_set1/0x872235e000083d8090617a0c864fc3a46bd83e49.sol,0x872235e000083d8090617a0c864fc3a46bd83e49.sol,semgrep,solidity,2023/08/21,20240129_0620,1706509408.0614235,2.1821465492248535,0,"{init_variables_with_default_value,non_payable_constructor,state_variable_read_in_a_loop,use_custom_error_not_require,use_nested_if,use_ownable2step,use_prefix_decrement_not_postfix,use_prefix_increment_not_postfix,use_short_revert_string}",{},{},{}
MyData/C8k_set1/0x878002f100A7dE99BCEd8178010c84cCCe99A5c2.sol,0x878002f100A7dE99BCEd8178010c84cCCe99A5c2.sol,semgrep,solidity,2023/08/21,20240129_0620,1706509556.852146,2.35404372215271,0,"{array_length_outside_loop,non_payable_constructor,state_variable_read_in_a_loop,unnecessary_checked_arithmetic_in_loop,use_abi_encodecall_instead_of_encodewithselector,use_custom_error_not_require,use_multiple_require,use_nested_if,use_prefix_increment_not_postfix,use_short_revert_string}",{},{},{}
MyData/C8k_set1/0x8ae47CC57FAB1Bfd6d582256446Cad4FDe1c319B.sol,0x8ae47CC57FAB1Bfd6d582256446Cad4FDe1c319B.sol,semgrep,solidity,2023/08/21,20240129_0620,1706509260.7815282,3.677464246749878,0,"{inefficient_state_variable_increment,use_abi_encodecall_instead_of_encodewithselector,use_custom_error_not_require,use_multiple_require,use_nested_if,use_ownable2step,use_short_revert_string}",{},{},{}
MyData/C8k_set1/0x8ea4b4c9bd07e2fa10dfa712b683f2461397cf19.sol,0x8ea4b4c9bd07e2fa10dfa712b683f2461397cf19.sol,semgrep,solidity,2023/08/21,20240129_0620,1706509243.1057367,2.478825330734253,0,"{inefficient_state_variable_increment,non_payable_constructor,use_abi_encodecall_instead_of_encodewithselector,use_custom_error_not_require,use_nested_if,use_short_revert_string}",{},{},{}
MyData/C8k_set1/0x8fd32557f89a8dc4ddbd35a51c69111b92bc7ae7.sol,0x8fd32557f89a8dc4ddbd35a51c69111b92bc7ae7.sol,semgrep,solidity,2023/08/21,20240129_0620,1706509533.336879,3.031453847885132,0,"{array_length_outside_loop,erc721_reentrancy,inefficient_state_variable_increment,init_variables_with_default_value,non_payable_constructor,state_variable_read_in_a_loop,unnecessary_checked_arithmetic_in_loop,use_custom_error_not_require,use_nested_if,use_ownable2step,use_prefix_decrement_not_postfix,use_prefix_increment_not_postfix,use_short_revert_string}",{},{},{}
MyData/C8k_set1/0x93b3bab878CFc17f784fA4B52a2fdE630dc7E8C8.sol,0x93b3bab878CFc17f784fA4B52a2fdE630dc7E8C8.sol,semgrep,solidity,2023/08/21,20240129_0620,1706509500.329395,3.0856003761291504,0,"{array_length_outside_loop,delegatecall_to_arbitrary_address,non_payable_constructor,unnecessary_checked_arithmetic_in_loop,use_abi_encodecall_instead_of_encodewithselector,use_custom_error_not_require,use_multiple_require,use_nested_if,use_ownable2step,use_prefix_decrement_not_postfix,use_prefix_increment_not_postfix,use_short_revert_string}",{},{},{}
MyData/C8k_set1/0x96c42e3dcc8a76bf955e58b32f57551f3e6c894f.sol,0x96c42e3dcc8a76bf955e58b32f57551f3e6c894f.sol,semgrep,solidity,2023/08/21,20240129_0620,1706509395.7234788,2.448716163635254,0,"{array_length_outside_loop,inefficient_state_variable_increment,init_variables_with_default_value,non_payable_constructor,state_variable_read_in_a_loop,unnecessary_checked_arithmetic_in_loop,use_custom_error_not_require,use_nested_if,use_ownable2step,use_prefix_decrement_not_postfix,use_prefix_increment_not_postfix,use_short_revert_string}",{},{},{}
MyData/C8k_set1/0x97a268d4db491e4189c63974193d2578c16eb55a.sol,0x97a268d4db491e4189c63974193d2578c16eb55a.sol,semgrep,solidity,2023/08/21,20240129_0620,1706509544.2465065,2.762612819671631,0,"{array_length_outside_loop,non_payable_constructor,state_variable_read_in_a_loop,unnecessary_checked_arithmetic_in_loop,use_abi_encodecall_instead_of_encodewithselector,use_custom_error_not_require,use_multiple_require,use_nested_if,use_ownable2step,use_prefix_decrement_not_postfix,use_prefix_increment_not_postfix,use_short_revert_string}",{},{},{}
MyData/C8k_set1/0x9e165d9d4649659d092cdf2f3a82a6dee6b07e7d.sol,0x9e165d9d4649659d092cdf2f3a82a6dee6b07e7d.sol,semgrep,solidity,2023/08/21,20240129_0620,1706509320.65792,3.036473274230957,0,"{array_length_outside_loop,erc721_reentrancy,inefficient_state_variable_increment,init_variables_with_default_value,non_payable_constructor,state_variable_read_in_a_loop,unnecessary_checked_arithmetic_in_loop,use_custom_error_not_require,use_nested_if,use_ownable2step,use_prefix_decrement_not_postfix,use_prefix_increment_not_postfix,use_short_revert_string}",{},{},{}
MyData/C8k_set1/0xB92635dD7636160C2863a47Dc1193AdAd1328b21.sol,0xB92635dD7636160C2863a47Dc1193AdAd1328b21.sol,semgrep,solidity,2023/08/21,20240129_0620,1706509480.444968,3.4392471313476562,0,"{array_length_outside_loop,inefficient_state_variable_increment,non_payable_constructor,unnecessary_checked_arithmetic_in_loop,use_abi_encodecall_instead_of_encodewithselector,use_custom_error_not_require,use_multiple_require,use_nested_if,use_ownable2step,use_prefix_increment_not_postfix,use_short_revert_string}",{},{},{}
MyData/C8k_set1/0xBd3fa81B58Ba92a82136038B25aDec7066af3155.sol,0xBd3fa81B58Ba92a82136038B25aDec7066af3155.sol,semgrep,solidity,2023/08/21,20240129_0620,1706509450.1100614,2.4127767086029053,0,"{array_length_outside_loop,non_payable_constructor,unnecessary_checked_arithmetic_in_loop,use_abi_encodecall_instead_of_encodewithselector,use_custom_error_not_require,use_ownable2step,use_prefix_increment_not_postfix,use_short_revert_string}",{},{},{}
MyData/C8k_set1/0xBfe9473720CC8DCa9615b8B6CFE228C7e1089396.sol,0xBfe9473720CC8DCa9615b8B6CFE228C7e1089396.sol,semgrep,solidity,2023/08/21,20240129_0620,1706509526.0262883,2.554849624633789,0,"{array_length_outside_loop,delegatecall_to_arbitrary_address,non_payable_constructor,unnecessary_checked_arithmetic_in_loop,use_abi_encodecall_instead_of_encodewithselector,use_custom_error_not_require,use_multiple_require,use_nested_if,use_ownable2step,use_prefix_increment_not_postfix,use_short_revert_string}",{},{},{}
MyData/C8k_set1/0xC843174FFb68A02D8c64048E062B21c53Ea574c9.sol,0xC843174FFb68A02D8c64048E062B21c53Ea574c9.sol,semgrep,solidity,2023/08/21,20240129_0620,1706509369.919589,2.8426454067230225,0,"{inefficient_state_variable_increment,non_payable_constructor,use_abi_encodecall_instead_of_encodewithselector,use_custom_error_not_require,use_multiple_require,use_nested_if,use_ownable2step,use_short_revert_string}",{},{},{}
MyData/C8k_set1/0xD15B8f1Fd9eD911c0032EB4b523Cb33C6bC53165.sol,0xD15B8f1Fd9eD911c0032EB4b523Cb33C6bC53165.sol,semgrep,solidity,2023/08/21,20240129_0620,1706509503.417278,3.5170717239379883,0,"{array_length_outside_loop,inefficient_state_variable_increment,non_payable_constructor,unnecessary_checked_arithmetic_in_loop,use_abi_encodecall_instead_of_encodewithselector,use_custom_error_not_require,use_multiple_require,use_nested_if,use_ownable2step,use_prefix_increment_not_postfix,use_short_revert_string}",{},{},{}
MyData/C8k_set1/0xE5657ee93a49DA064Bb6B811952Ee79b0e8e113A.sol,0xE5657ee93a49DA064Bb6B811952Ee79b0e8e113A.sol,semgrep,solidity,2023/08/21,20240129_0620,1706509375.4964597,2.6948797702789307,0,"{array_length_outside_loop,non_payable_constructor,state_variable_read_in_a_loop,unnecessary_checked_arithmetic_in_loop,use_abi_encodecall_instead_of_encodewithselector,use_custom_error_not_require,use_multiple_require,use_nested_if,use_prefix_increment_not_postfix,use_short_revert_string}",{},{},{}
MyData/C8k_set1/0xa02a99a455229bd56c408681e3c8d474c7abce93.sol,0xa02a99a455229bd56c408681e3c8d474c7abce93.sol,semgrep,solidity,2023/08/21,20240129_0620,1706509283.5840995,2.3653972148895264,0,"{inefficient_state_variable_increment,non_payable_constructor,state_variable_read_in_a_loop,use_custom_error_not_require,use_nested_if,use_ownable2step,use_prefix_decrement_not_postfix,use_prefix_increment_not_postfix,use_short_revert_string}",{},{},{}
MyData/C8k_set1/0xa6ca47f605b3d79b1cf502b8796d8d04dc525937.sol,0xa6ca47f605b3d79b1cf502b8796d8d04dc525937.sol,semgrep,solidity,2023/08/21,20240129_0620,1706509332.3701525,2.7581534385681152,0,"{array_length_outside_loop,erc721_reentrancy,inefficient_state_variable_increment,non_payable_constructor,state_variable_read_in_a_loop,unnecessary_checked_arithmetic_in_loop,use_custom_error_not_require,use_multiple_require,use_nested_if,use_ownable2step,use_prefix_decrement_not_postfix,use_prefix_increment_not_postfix,use_short_revert_string}",{},{},{}
MyData/C8k_set1/0xa6de02bde877a69899111c13e34541692d4bd98d.sol,0xa6de02bde877a69899111c13e34541692d4bd98d.sol,semgrep,solidity,2023/08/21,20240129_0620,1706509291.4663126,2.6513218879699707,0,"{array_length_outside_loop,state_variable_read_in_a_loop,unnecessary_checked_arithmetic_in_loop,use_abi_encodecall_instead_of_encodewithselector,use_custom_error_not_require,use_multiple_require,use_nested_if,use_ownable2step,use_prefix_decrement_not_postfix,use_prefix_increment_not_postfix,use_short_revert_string}",{},{},{}
MyData/C8k_set1/0xa8ef1550335ad4bfa336e9c30789f83735ffd687.sol,0xa8ef1550335ad4bfa336e9c30789f83735ffd687.sol,semgrep,solidity,2023/08/21,20240129_0620,1706509314.8139474,2.5617709159851074,0,"{array_length_outside_loop,erc721_reentrancy,inefficient_state_variable_increment,init_variables_with_default_value,non_payable_constructor,state_variable_read_in_a_loop,unnecessary_checked_arithmetic_in_loop,use_abi_encodecall_instead_of_encodewithselector,use_custom_error_not_require,use_multiple_require,use_nested_if,use_ownable2step,use_prefix_decrement_not_postfix,use_prefix_increment_not_postfix,use_short_revert_string}",{},{},{}
MyData/C8k_set1/0xaBcCE571896F95560514Bfb316064FfB7cc79e2C.sol,0xaBcCE571896F95560514Bfb316064FfB7cc79e2C.sol,semgrep,solidity,2023/08/21,20240129_0620,1706509460.0351958,2.985535144805908,0,"{array_length_outside_loop,inefficient_state_variable_increment,init_variables_with_default_value,non_payable_constructor,state_variable_read_in_a_loop,unnecessary_checked_arithmetic_in_loop,use_custom_error_not_require,use_multiple_require,use_nested_if,use_ownable2step,use_prefix_decrement_not_postfix,use_prefix_increment_not_postfix,use_short_revert_string}",{},{},{}
MyData/C8k_set1/0xb6704A3B7bB69Fb1B0048ae9507b028A60c16f19.sol,0xb6704A3B7bB69Fb1B0048ae9507b028A60c16f19.sol,semgrep,solidity,2023/08/21,20240129_0620,1706509380.914088,2.8773651123046875,0,"{inefficient_state_variable_increment,init_variables_with_default_value,non_payable_constructor,unnecessary_checked_arithmetic_in_loop,use_abi_encodecall_instead_of_encodewithselector,use_custom_error_not_require,use_multiple_require,use_nested_if,use_prefix_increment_not_postfix,use_short_revert_string}",{},{},{}
MyData/C8k_set1/0xb6dEEA49E390957DcA7A5ad281432EBa82B251b9.sol,0xb6dEEA49E390957DcA7A5ad281432EBa82B251b9.sol,semgrep,solidity,2023/08/21,20240129_0620,1706509523.5409112,2.4840235710144043,0,"{array_length_outside_loop,erc721_reentrancy,non_payable_constructor,state_variable_read_in_a_loop,unnecessary_checked_arithmetic_in_loop,use_custom_error_not_require,use_nested_if,use_ownable2step,use_prefix_increment_not_postfix,use_short_revert_string}",{},{},{}
MyData/C8k_set1/0xbc4daa27f53b70b0d9d24b79a79b49e9f02c2de0.sol,0xbc4daa27f53b70b0d9d24b79a79b49e9f02c2de0.sol,semgrep,solidity,2023/08/21,20240129_0620,1706509419.6464872,2.4175350666046143,0,"{array_length_outside_loop,inefficient_state_variable_increment,non_payable_constructor,state_variable_read_in_a_loop,unnecessary_checked_arithmetic_in_loop,use_custom_error_not_require,use_nested_if,use_ownable2step,use_prefix_decrement_not_postfix,use_prefix_increment_not_postfix,use_short_revert_string}",{},{},{}
MyData/C8k_set1/0xbfd74758dcc14db68848e5d455d5e37ce41cc9b0.sol,0xbfd74758dcc14db68848e5d455d5e37ce41cc9b0.sol,semgrep,solidity,2023/08/21,20240129_0620,1706509352.4967327,2.271554470062256,0,"{array_length_outside_loop,init_variables_with_default_value,non_payable_constructor,state_variable_read_in_a_loop,unnecessary_checked_arithmetic_in_loop,use_custom_error_not_require,use_multiple_require,use_nested_if,use_ownable2step,use_prefix_decrement_not_postfix,use_prefix_increment_not_postfix,use_short_revert_string}",{},{},{}
MyData/C8k_set1/0xc18833ec031c887c74284f1537f36d520d789731.sol,0xc18833ec031c887c74284f1537f36d520d789731.sol,semgrep,solidity,2023/08/21,20240129_0620,1706509447.38692,2.7213029861450195,0,"{array_length_outside_loop,erc721_reentrancy,state_variable_read_in_a_loop,unnecessary_checked_arithmetic_in_loop,use_custom_error_not_require,use_multiple_require,use_nested_if,use_prefix_decrement_not_postfix,use_prefix_increment_not_postfix,use_short_revert_string}",{},{},{}
MyData/C8k_set1/0xc4922d64a24675E16e1586e3e3Aa56C06fABe907.sol,0xc4922d64a24675E16e1586e3e3Aa56C06fABe907.sol,semgrep,solidity,2023/08/21,20240129_0620,1706509275.8172472,2.2981019020080566,0,"{array_length_outside_loop,init_variables_with_default_value,non_payable_constructor,unnecessary_checked_arithmetic_in_loop,use_abi_encodecall_instead_of_encodewithselector,use_custom_error_not_require,use_ownable2step,use_prefix_increment_not_postfix,use_short_revert_string}",{},{},{}
MyData/C8k_set1/0xc580a7d90ee5a2a74d76376548d34a5632d995d9.sol,0xc580a7d90ee5a2a74d76376548d34a5632d995d9.sol,semgrep,solidity,2023/08/21,20240129_0620,1706509492.649391,2.2266342639923096,0,"{init_variables_with_default_value,non_payable_constructor,state_variable_read_in_a_loop,use_custom_error_not_require,use_nested_if,use_ownable2step,use_prefix_decrement_not_postfix,use_prefix_increment_not_postfix,use_short_revert_string}",{},{},{}
MyData/C8k_set1/0xc7056c4fb2277fca49637d94a86579084c97a956.sol,0xc7056c4fb2277fca49637d94a86579084c97a956.sol,semgrep,solidity,2023/08/21,20240129_0620,1706509474.3047543,2.5202457904815674,0,"{array_length_outside_loop,erc721_reentrancy,inefficient_state_variable_increment,init_variables_with_default_value,non_payable_constructor,state_variable_read_in_a_loop,unnecessary_checked_arithmetic_in_loop,use_custom_error_not_require,use_nested_if,use_ownable2step,use_prefix_decrement_not_postfix,use_prefix_increment_not_postfix,use_short_revert_string}",{},{},{}
MyData/C8k_set1/0xc7f8309622bf1167eb5430d131ba137770479556.sol,0xc7f8309622bf1167eb5430d131ba137770479556.sol,semgrep,solidity,2023/08/21,20240129_0620,1706509367.7053092,2.2136428356170654,0,"{init_variables_with_default_value,non_payable_constructor,state_variable_read_in_a_loop,use_custom_error_not_require,use_nested_if,use_ownable2step,use_prefix_decrement_not_postfix,use_prefix_increment_not_postfix,use_short_revert_string}",{},{},{}
MyData/C8k_set1/0xcC9d1fD0a9775151eFB7507D9b2bc18f757F310d.sol,0xcC9d1fD0a9775151eFB7507D9b2bc18f757F310d.sol,semgrep,solidity,2023/08/21,20240129_0620,1706509288.6544433,2.810513496398926,0,"{inefficient_state_variable_increment,non_payable_constructor,state_variable_read_in_a_loop,unnecessary_checked_arithmetic_in_loop,use_abi_encodecall_instead_of_encodewithselector,use_custom_error_not_require,use_multiple_require,use_nested_if,use_prefix_increment_not_postfix,use_short_revert_string}",{},{},{}
MyData/C8k_set1/0xcD7e5EDB7b7DA6F8cC4AD07c2b68eCa060bC03bE.sol,0xcD7e5EDB7b7DA6F8cC4AD07c2b68eCa060bC03bE.sol,semgrep,solidity,2023/08/21,20240129_0620,1706509489.1295507,3.517733573913574,0,"{array_length_outside_loop,inefficient_state_variable_increment,non_payable_constructor,unnecessary_checked_arithmetic_in_loop,use_abi_encodecall_instead_of_encodewithselector,use_custom_error_not_require,use_multiple_require,use_nested_if,use_ownable2step,use_prefix_increment_not_postfix,use_short_revert_string}",{},{},{}
MyData/C8k_set1/0xcFcca0A2531069f16634beeD1C74d28ac1F7d271.sol,0xcFcca0A2531069f16634beeD1C74d28ac1F7d271.sol,semgrep,solidity,2023/08/21,20240129_0620,1706509412.89238,3.9585647583007812,0,"{array_length_outside_loop,erc721_reentrancy,non_payable_constructor,state_variable_read_in_a_loop,unnecessary_checked_arithmetic_in_loop,use_abi_encodecall_instead_of_encodewithselector,use_custom_error_not_require,use_multiple_require,use_nested_if,use_ownable2step,use_prefix_increment_not_postfix,use_short_revert_string}",{},{},{}
MyData/C8k_set1/0xcbcCBA2FA84606Df153B593dD01c37a50ac8427C.sol,0xcbcCBA2FA84606Df153B593dD01c37a50ac8427C.sol,semgrep,solidity,2023/08/21,20240129_0620,1706509468.9943929,2.5907604694366455,0,"{array_length_outside_loop,non_payable_constructor,state_variable_read_in_a_loop,unnecessary_checked_arithmetic_in_loop,use_abi_encodecall_instead_of_encodewithselector,use_custom_error_not_require,use_multiple_require,use_nested_if,use_prefix_increment_not_postfix,use_short_revert_string}",{},{},{}
MyData/C8k_set1/0xccadc4e6c1624cd49e52d1224d326783baa905e3.sol,0xccadc4e6c1624cd49e52d1224d326783baa905e3.sol,semgrep,solidity,2023/08/21,20240129_0620,1706509346.4682505,3.5089948177337646,0,"{array_length_outside_loop,inefficient_state_variable_increment,non_payable_constructor,unnecessary_checked_arithmetic_in_loop,use_abi_encodecall_instead_of_encodewithselector,use_custom_error_not_require,use_multiple_require,use_nested_if,use_ownable2step,use_prefix_increment_not_postfix,use_short_revert_string}",{},{},{}
MyData/C8k_set1/0xcd89316134102b282174db46493De461e32AE98E.sol,0xcd89316134102b282174db46493De461e32AE98E.sol,semgrep,solidity,2023/08/21,20240129_0620,1706509518.1882422,2.82283616065979,0,"{array_length_outside_loop,inefficient_state_variable_increment,init_variables_with_default_value,non_payable_constructor,state_variable_read_in_a_loop,unnecessary_checked_arithmetic_in_loop,use_custom_error_not_require,use_multiple_require,use_nested_if,use_ownable2step,use_prefix_decrement_not_postfix,use_prefix_increment_not_postfix,use_short_revert_string}",{},{},{}
MyData/C8k_set1/0xd1b41cf35cb5190f5fe1eacc6b836bac3e564a99.sol,0xd1b41cf35cb5190f5fe1eacc6b836bac3e564a99.sol,semgrep,solidity,2023/08/21,20240129_0620,1706509427.426212,2.7772324085235596,0,"{array_length_outside_loop,non_payable_constructor,state_variable_read_in_a_loop,unnecessary_checked_arithmetic_in_loop,use_custom_error_not_require,use_multiple_require,use_nested_if,use_ownable2step,use_prefix_increment_not_postfix,use_short_revert_string}",{},{},{}
MyData/C8k_set1/0xd5b8e50cbc3fc010d5e765c826f82be462aab618.sol,0xd5b8e50cbc3fc010d5e765c826f82be462aab618.sol,semgrep,solidity,2023/08/21,20240129_0620,1706509386.0500996,2.9420602321624756,0,"{array_length_outside_loop,erc721_reentrancy,inefficient_state_variable_increment,init_variables_with_default_value,non_payable_constructor,state_variable_read_in_a_loop,unnecessary_checked_arithmetic_in_loop,use_custom_error_not_require,use_nested_if,use_ownable2step,use_prefix_decrement_not_postfix,use_prefix_increment_not_postfix,use_short_revert_string}",{},{},{}
MyData/C8k_set1/0xd6523d116b13e035c1a124e0046ddd608ccfc9dc.sol,0xd6523d116b13e035c1a124e0046ddd608ccfc9dc.sol,semgrep,solidity,2023/08/21,20240129_0620,1706509393.541287,2.181518316268921,0,"{non_payable_constructor,state_variable_read_in_a_loop,use_custom_error_not_require,use_nested_if,use_ownable2step,use_prefix_decrement_not_postfix,use_prefix_increment_not_postfix,use_short_revert_string}",{},{},{}
MyData/C8k_set1/0xd6e4D05F6497e0eEf463650F529D7f4B6EA94C38.sol,0xd6e4D05F6497e0eEf463650F529D7f4B6EA94C38.sol,semgrep,solidity,2023/08/21,20240129_0620,1706509436.2937267,3.32537841796875,0,"{inefficient_state_variable_increment,non_payable_constructor,state_variable_read_in_a_loop,use_abi_encodecall_instead_of_encodewithselector,use_custom_error_not_require,use_multiple_require,use_nested_if,use_ownable2step,use_prefix_increment_not_postfix,use_short_revert_string}",{},{},{}
MyData/C8k_set1/0xd7633ab09ba6cba3a5e94d6fbd5bbd50be72bbd6.sol,0xd7633ab09ba6cba3a5e94d6fbd5bbd50be72bbd6.sol,semgrep,solidity,2023/08/21,20240129_0620,1706509248.6221056,3.0439798831939697,0,"{array_length_outside_loop,erc721_reentrancy,init_variables_with_default_value,non_payable_constructor,unnecessary_checked_arithmetic_in_loop,use_abi_encodecall_instead_of_encodewithselector,use_custom_error_not_require,use_multiple_require,use_prefix_increment_not_postfix,use_short_revert_string}",{},{},{}
MyData/C8k_set1/0xd799d307096b1d1cf204ea7296046d19235b1bc2.sol,0xd799d307096b1d1cf204ea7296046d19235b1bc2.sol,semgrep,solidity,2023/08/21,20240129_0620,1706509403.4193487,2.2857003211975098,0,"{non_payable_constructor,use_abi_encodecall_instead_of_encodewithselector,use_custom_error_not_require,use_nested_if,use_prefix_increment_not_postfix,use_short_revert_string}",{},{},{}
MyData/C8k_set1/0xdbd750f72a00d01f209ffc6c75e80301efc789c1.sol,0xdbd750f72a00d01f209ffc6c75e80301efc789c1.sol,semgrep,solidity,2023/08/21,20240129_0620,1706509465.3288794,3.6632511615753174,0,"{array_length_outside_loop,curve_readonly_reentrancy,inefficient_state_variable_increment,non_payable_constructor,state_variable_read_in_a_loop,unnecessary_checked_arithmetic_in_loop,use_abi_encodecall_instead_of_encodewithselector,use_custom_error_not_require,use_multiple_require,use_nested_if,use_ownable2step,use_prefix_decrement_not_postfix,use_prefix_increment_not_postfix,use_short_revert_string}",{},{},{}
MyData/C8k_set1/0xdfae3da4e1c6aa15866902c9e1e183a11f5abdf0.sol,0xdfae3da4e1c6aa15866902c9e1e183a11f5abdf0.sol,semgrep,solidity,2023/08/21,20240129_0620,1706509430.205031,2.5419273376464844,0,"{inefficient_state_variable_increment,non_payable_constructor,use_abi_encodecall_instead_of_encodewithselector,use_custom_error_not_require,use_multiple_require,use_nested_if,use_prefix_increment_not_postfix,use_short_revert_string}",{},{},{}
MyData/C8k_set1/0xdfb29501b42f63a947ddc5249f185d6bcbe6986f.sol,0xdfb29501b42f63a947ddc5249f185d6bcbe6986f.sol,semgrep,solidity,2023/08/21,20240129_0620,1706509281.08903,2.4940648078918457,0,"{array_length_outside_loop,inefficient_state_variable_increment,init_variables_with_default_value,non_payable_constructor,state_variable_read_in_a_loop,unnecessary_checked_arithmetic_in_loop,use_abi_encodecall_instead_of_encodewithselector,use_custom_error_not_require,use_nested_if,use_ownable2step,use_prefix_increment_not_postfix,use_short_revert_string}",{},{},{}
MyData/C8k_set1/0xe0c839d60f15dd0b939e93d9eeab5ecda9affe57.sol,0xe0c839d60f15dd0b939e93d9eeab5ecda9affe57.sol,semgrep,solidity,2023/08/21,20240129_0620,1706509536.3712146,2.5088236331939697,0,"{erc721_reentrancy,init_variables_with_default_value,non_payable_constructor,state_variable_read_in_a_loop,use_custom_error_not_require,use_nested_if,use_ownable2step,use_prefix_decrement_not_postfix,use_prefix_increment_not_postfix,use_short_revert_string}",{},{},{}
MyData/C8k_set1/0xe507fa8e2bc6e31600a1d2d23e09285c9101a70e.sol,0xe507fa8e2bc6e31600a1d2d23e09285c9101a70e.sol,semgrep,solidity,2023/08/21,20240129_0620,1706509310.9283655,3.88301944732666,0,"{array_length_outside_loop,erc721_reentrancy,non_payable_constructor,state_variable_read_in_a_loop,unnecessary_checked_arithmetic_in_loop,use_abi_encodecall_instead_of_encodewithselector,use_custom_error_not_require,use_multiple_require,use_nested_if,use_ownable2step,use_prefix_increment_not_postfix,use_short_revert_string}",{},{},{}
MyData/C8k_set1/0xe60bff4746c1accbccfc8dc46fbc0dcaa9552e61.sol,0xe60bff4746c1accbccfc8dc46fbc0dcaa9552e61.sol,semgrep,solidity,2023/08/21,20240129_0620,1706509531.0548053,2.2813429832458496,0,"{non_payable_constructor,unnecessary_checked_arithmetic_in_loop,use_abi_encodecall_instead_of_encodewithselector,use_custom_error_not_require,use_multiple_require,use_nested_if,use_short_revert_string}",{},{},{}
MyData/C8k_set1/0xe66be87630b72480fa938ae73946d809c23943f5.sol,0xe66be87630b72480fa938ae73946d809c23943f5.sol,semgrep,solidity,2023/08/21,20240129_0620,1706509335.1303933,2.2641477584838867,0,"{non_payable_constructor,state_variable_read_in_a_loop,unnecessary_checked_arithmetic_in_loop,use_abi_encodecall_instead_of_encodewithselector,use_custom_error_not_require,use_multiple_require,use_nested_if,use_ownable2step,use_prefix_decrement_not_postfix,use_prefix_increment_not_postfix,use_short_revert_string}",{},{},{}
MyData/C8k_set1/0xe72f966f246ed0ae8547b860f0a72c0b8a554eeb.sol,0xe72f966f246ed0ae8547b860f0a72c0b8a554eeb.sol,semgrep,solidity,2023/08/21,20240129_0620,1706509245.5860093,3.034250020980835,0,"{array_length_outside_loop,erc721_reentrancy,inefficient_state_variable_increment,init_variables_with_default_value,non_payable_constructor,state_variable_read_in_a_loop,unnecessary_checked_arithmetic_in_loop,use_custom_error_not_require,use_multiple_require,use_nested_if,use_ownable2step,use_prefix_decrement_not_postfix,use_prefix_increment_not_postfix,use_short_revert_string}",{},{},{}
MyData/C8k_set1/0xe87138a1ade9b6fe6dcf60b3a65c1f5e62a1f708.sol,0xe87138a1ade9b6fe6dcf60b3a65c1f5e62a1f708.sol,semgrep,solidity,2023/08/21,20240129_0620,1706509299.0339508,4.496824741363525,0,"{array_length_outside_loop,erc721_reentrancy,inefficient_state_variable_increment,init_variables_with_default_value,non_payable_constructor,state_variable_read_in_a_loop,unnecessary_checked_arithmetic_in_loop,use_custom_error_not_require,use_nested_if,use_ownable2step,use_prefix_decrement_not_postfix,use_prefix_increment_not_postfix,use_short_revert_string}",{},{},{}
MyData/C8k_set1/0xeFAEbd2bBDE537dc14fA2Ab217248e6c066d1a3c.sol,0xeFAEbd2bBDE537dc14fA2Ab217248e6c066d1a3c.sol,semgrep,solidity,2023/08/21,20240129_0620,1706509538.8810847,2.9946539402008057,0,"{inefficient_state_variable_increment,init_variables_with_default_value,non_payable_constructor,unnecessary_checked_arithmetic_in_loop,use_abi_encodecall_instead_of_encodewithselector,use_custom_error_not_require,use_multiple_require,use_nested_if,use_prefix_increment_not_postfix,use_short_revert_string}",{},{},{}
MyData/C8k_set1/0xeace2ac2ebb0fa433217f077156b3928a52a9a7a.sol,0xeace2ac2ebb0fa433217f077156b3928a52a9a7a.sol,semgrep,solidity,2023/08/21,20240129_0620,1706509388.9938464,2.1892781257629395,0,"{inefficient_state_variable_increment,non_payable_constructor,use_abi_encodecall_instead_of_encodewithselector,use_custom_error_not_require,use_prefix_increment_not_postfix,use_short_revert_string}",{},{},{}
MyData/C8k_set1/0xec66b54722ab45ad874597a48915fca41b00b8aa.sol,0xec66b54722ab45ad874597a48915fca41b00b8aa.sol,semgrep,solidity,2023/08/21,20240129_0620,1706509306.092188,2.6217691898345947,0,"{array_length_outside_loop,erc721_reentrancy,non_optimal_variables_swap,non_payable_constructor,state_variable_read_in_a_loop,unnecessary_checked_arithmetic_in_loop,use_custom_error_not_require,use_nested_if,use_prefix_decrement_not_postfix,use_prefix_increment_not_postfix,use_short_revert_string}",{},{},{}
MyData/C8k_set1/0xedd6cada988519b0fcab164eaf964757e0c4c18c.sol,0xedd6cada988519b0fcab164eaf964757e0c4c18c.sol,semgrep,solidity,2023/08/21,20240129_0620,1706509254.0647402,2.306774616241455,0,"{non_payable_constructor,use_abi_encodecall_instead_of_encodewithselector,use_custom_error_not_require,use_nested_if,use_prefix_increment_not_postfix,use_short_revert_string}",{},{},{}
MyData/C8k_set1/0xf03E8FE4D5733D562C491825f1c975Bd9bA90455.sol,0xf03E8FE4D5733D562C491825f1c975Bd9bA90455.sol,semgrep,solidity,2023/08/21,20240129_0620,1706509486.4079232,2.7202534675598145,0,"{array_length_outside_loop,erc721_reentrancy,init_variables_with_default_value,non_payable_constructor,state_variable_read_in_a_loop,unnecessary_checked_arithmetic_in_loop,use_custom_error_not_require,use_nested_if,use_ownable2step,use_prefix_decrement_not_postfix,use_prefix_increment_not_postfix,use_short_revert_string}",{},{},{}
MyData/C8k_set1/0xf5F62C527a2D6685dcE359B8A337cc53b303b5CE.sol,0xf5F62C527a2D6685dcE359B8A337cc53b303b5CE.sol,semgrep,solidity,2023/08/21,20240129_0620,1706509267.5739658,3.4325649738311768,0,"{array_length_outside_loop,inefficient_state_variable_increment,non_payable_constructor,unnecessary_checked_arithmetic_in_loop,use_abi_encodecall_instead_of_encodewithselector,use_custom_error_not_require,use_multiple_require,use_nested_if,use_ownable2step,use_prefix_increment_not_postfix,use_short_revert_string}",{},{},{}
MyData/C8k_set1/0xf8Bb91817A960C3e23AE8ae75dE1C070Faee0823.sol,0xf8Bb91817A960C3e23AE8ae75dE1C070Faee0823.sol,semgrep,solidity,2023/08/21,20240129_0620,1706509541.8775249,2.366783380508423,0,"{inefficient_state_variable_increment,init_variables_with_default_value,non_payable_constructor,unnecessary_checked_arithmetic_in_loop,use_abi_encodecall_instead_of_encodewithselector,use_custom_error_not_require,use_multiple_require,use_nested_if,use_ownable2step,use_prefix_increment_not_postfix,use_short_revert_string}",{},{},{}
MyData/C8k_set1/0xfc3DEd3B02c0B58089A9B5d13772DBe1496F91eC.sol,0xfc3DEd3B02c0B58089A9B5d13772DBe1496F91eC.sol,semgrep,solidity,2023/08/21,20240129_0620,1706509513.2590773,2.2389936447143555,0,"{array_length_outside_loop,init_variables_with_default_value,non_payable_constructor,state_variable_read_in_a_loop,unnecessary_checked_arithmetic_in_loop,use_custom_error_not_require,use_multiple_require,use_nested_if,use_ownable2step,use_prefix_decrement_not_postfix,use_prefix_increment_not_postfix,use_short_revert_string}",{},{},{}
MyData/C8k_set1/0xfe2c12ab95666d9c54a094b1a45a9ca526789efa.sol,0xfe2c12ab95666d9c54a094b1a45a9ca526789efa.sol,semgrep,solidity,2023/08/21,20240129_0620,1706509398.1737638,2.550288438796997,0,"{array_length_outside_loop,erc721_reentrancy,inefficient_state_variable_increment,non_payable_constructor,state_variable_read_in_a_loop,unnecessary_checked_arithmetic_in_loop,use_abi_encodecall_instead_of_encodewithselector,use_custom_error_not_require,use_nested_if,use_ownable2step,use_prefix_decrement_not_postfix,use_prefix_increment_not_postfix,use_short_revert_string}",{},{},{}
